{"chunk_definitions":[{"row":9,"row_count":1,"visible":true,"expansion_state":0,"options":{"engine":"r","label":"unnamed-chunk-11","dev":"png"},"document_id":"26A4B81E","chunk_id":"cn63owqwfbvgu","chunk_label":"unnamed-chunk-1"},{"row":21,"row_count":1,"visible":true,"expansion_state":0,"options":{"engine":"r","label":"unnamed-chunk-13","dev":"png"},"document_id":"26A4B81E","chunk_id":"c7swbt7krgc78","chunk_label":"unnamed-chunk-2"},{"row":33,"row_count":1,"visible":true,"expansion_state":0,"options":{"engine":"r","label":"unnamed-chunk-14","dev":"png"},"document_id":"26A4B81E","chunk_id":"cf1jhvvht29tg","chunk_label":"unnamed-chunk-3"},{"row":41,"row_count":1,"visible":true,"expansion_state":0,"options":{"engine":"r","label":"unnamed-chunk-15","dev":"png"},"document_id":"26A4B81E","chunk_id":"clohs4dmtc5yj","chunk_label":"unnamed-chunk-4"},{"row":53,"row_count":1,"visible":true,"expansion_state":0,"options":{"engine":"r","label":"unnamed-chunk-16","dev":"png"},"document_id":"26A4B81E","chunk_id":"cro7oywnrwj0m","chunk_label":"unnamed-chunk-5"},{"row":64,"row_count":1,"visible":true,"expansion_state":0,"options":{"engine":"r","label":"unnamed-chunk-17","dev":"png"},"document_id":"26A4B81E","chunk_id":"c877mqlr8oh6y","chunk_label":"unnamed-chunk-6"}],"doc_write_time":1710751507,"chunk_rendered_width":700}